model,accuracy
Dense,0.39079999923706055
CNN,0.7084000110626221
